URL,ISBN,Price,來源
https://www.kingstone.com.tw/basic/2800000141732/?lid=search&actid=WISE&kw=9786264173278,9786264173278,450,金石堂
https://www.kingstone.com.tw/basic/2800000030909/?lid=search&actid=WISE&kw=9789864799961,9789864799961,315,金石堂
https://www.kingstone.com.tw/basic/2800000142169/?lid=search&actid=WISE&kw=9786269959204,9786269959204,345,金石堂
https://www.kingstone.com.tw/basic/2011910282712/?lid=search&actid=WISE&kw=9786264181495,9786264181495,79,金石堂
https://www.kingstone.com.tw/basic/2800000096820/?lid=search&actid=WISE&kw=9789863989493,9789863989493,315,金石堂
https://www.kingstone.com.tw/basic/2800000142877/?lid=search&actid=WISE&kw=9786263981959,9786263981959,315,金石堂
https://www.kingstone.com.tw/basic/2800000141877/?lid=search&actid=WISE&kw=9786267648155,9786267648155,326,金石堂
https://www.kingstone.com.tw/basic/2028741171214/?lid=search&actid=WISE&kw=9786263585959,9786263585959,79,金石堂
https://www.kingstone.com.tw/basic/2019461520277/?lid=search&actid=WISE&kw=9786260236809,9786260236809,9,金石堂
https://www.kingstone.com.tw/basic/2015420101051/?lid=search&actid=WISE&kw=4717211037850,4717211037850,79,金石堂
https://www.kingstone.com.tw/basic/2019461509111/?lid=search&actid=WISE&kw=9786260239084,9786260239084,9,金石堂
https://www.kingstone.com.tw/basic/2015280871897/?lid=search&actid=WISE&kw=9789863878131,9789863878131,79,金石堂
https://www.kingstone.com.tw/basic/2800000141184/?lid=search&actid=WISE&kw=9786264193832,9786264193832,266,金石堂
https://www.kingstone.com.tw/basic/2800000131184/?lid=search&actid=WISE&kw=9786267063866,9786267063866,336,金石堂
https://www.kingstone.com.tw/basic/2019461520437/?lid=search&actid=WISE&kw=9786260235055,9786260235055,9,金石堂
https://www.kingstone.com.tw/basic/2800000140547/?lid=search&actid=WISE&kw=9786269917488,9786269917488,280,金石堂
https://www.kingstone.com.tw/basic/2800000104593/?lid=search&actid=WISE&kw=9789861755267,9789861755267,7,金石堂
https://www.kingstone.com.tw/basic/2011910283054/?lid=search&actid=WISE&kw=9786267650295,9786267650295,79,金石堂
Not Found,4713375690993,Not Found,金石堂
https://www.kingstone.com.tw/basic/2018612414458/?lid=search&actid=WISE&kw=9789573342076,9789573342076,79,金石堂
https://www.kingstone.com.tw/basic/2016100213620/?lid=search&actid=WISE&kw=9786267555835,9786267555835,79,金石堂
https://www.kingstone.com.tw/basic/2028630477229/?lid=search&actid=WISE&kw=9789863714101,9789863714101,79,金石堂
https://www.kingstone.com.tw/basic/2011780098857/?lid=search&actid=WISE&kw=9789576587399,9789576587399,79,金石堂
https://www.kingstone.com.tw/basic/2800000064328/?lid=search&actid=WISE&kw=9789861344454,9789861344454,315,金石堂
https://www.kingstone.com.tw/basic/2011760365337/?lid=search&actid=WISE&kw=9789861344393,9789861344393,79,金石堂
Not Found,9789863574392,Not Found,金石堂
https://www.kingstone.com.tw/basic/2011910277725/?lid=search&actid=WISE&kw=4711510763342,4711510763342,79,金石堂
https://www.kingstone.com.tw/basic/2019461526859/?lid=search&actid=WISE&kw=9786260236847,9786260236847,9,金石堂
Not Found,4717702298074,Not Found,金石堂
Not Found,4717211037836,Not Found,金石堂
https://www.kingstone.com.tw/basic/2800000141118/?lid=search&actid=WISE&kw=9786264172899,9786264172899,338,金石堂
https://www.kingstone.com.tw/basic/2018612499004/?lid=search&actid=WISE&kw=9789573342786,9789573342786,79,金石堂
https://www.kingstone.com.tw/basic/2011771568291/?lid=search&actid=WISE&kw=9786267685068,9786267685068,79,金石堂
https://www.kingstone.com.tw/basic/2014150583182/?lid=search&actid=WISE&kw=9786267521281,9786267521281,79,金石堂
https://www.kingstone.com.tw/basic/2018612492050/?lid=search&actid=WISE&kw=9786260243739,9786260243739,9,金石堂
https://www.kingstone.com.tw/basic/2019461497609/?lid=search&actid=WISE&kw=9786260236724,9786260236724,85,金石堂
Not Found,9991140425031,Not Found,金石堂
https://www.kingstone.com.tw/basic/2013990024206/?lid=search&actid=WISE&kw=9786267650028,9786267650028,79,金石堂
https://www.kingstone.com.tw/basic/2017330348359/?lid=search&actid=WISE&kw=9786267558775,9786267558775,79,金石堂
https://www.kingstone.com.tw/basic/2800000107498/?lid=search&actid=WISE&kw=9789861366838,9789861366838,266,金石堂
https://www.kingstone.com.tw/basic/2019461543887/?lid=search&actid=WISE&kw=9786260240141,9786260240141,9,金石堂
https://www.kingstone.com.tw/basic/2800000029645/?lid=search&actid=WISE&kw=9789869866262,9789869866262,266,金石堂
https://www.kingstone.com.tw/basic/2800000142320/?lid=search&actid=WISE&kw=9786267691113,9786267691113,406,金石堂
https://www.kingstone.com.tw/basic/2019461524015/?lid=search&actid=WISE&kw=9786260242480,9786260242480,9,金石堂
https://www.kingstone.com.tw/basic/2015630758632/?lid=search&actid=WISE&kw=9786263538870,9786263538870,66,金石堂
https://www.kingstone.com.tw/basic/2014950134607/?lid=search&actid=WISE&kw=9786267678268,9786267678268,79,金石堂
https://www.kingstone.com.tw/basic/2019461556740/?lid=search&actid=WISE&kw=9786260243364,9786260243364,510,金石堂
https://www.kingstone.com.tw/basic/2800000134416/?lid=search&actid=WISE&kw=9786267366882,9786267366882,350,金石堂
https://www.kingstone.com.tw/basic/2018612491978/?lid=search&actid=WISE&kw=9786260243753,9786260243753,9,金石堂
https://www.kingstone.com.tw/basic/2011771546183/?lid=search&actid=WISE&kw=9786264190824,9786264190824,79,金石堂
https://www.kingstone.com.tw/basic/2012260274556/?lid=search&actid=WISE&kw=9786269824861,9786269824861,79,金石堂
https://www.kingstone.com.tw/basic/2800000060605/?lid=search&actid=WISE&kw=9786267118634,9786267118634,266,金石堂
https://www.kingstone.com.tw/basic/2800000139645/?lid=search&actid=WISE&kw=9786264192514,9786264192514,259,金石堂
https://www.kingstone.com.tw/basic/2800000025235/?lid=search&actid=WISE&kw=9789861755373,9789861755373,231,金石堂
https://www.kingstone.com.tw/basic/2019461498811/?lid=search&actid=WISE&kw=9786260242817,9786260242817,85,金石堂
https://www.kingstone.com.tw/basic/2800000130652/?lid=search&actid=WISE&kw=9789861366968,9789861366968,280,金石堂
https://www.kingstone.com.tw/basic/2012240088593/?lid=search&actid=WISE&kw=9786264181341,9786264181341,79,金石堂
https://www.kingstone.com.tw/basic/2800000141709/?lid=search&actid=WISE&kw=9789861339696,9789861339696,378,金石堂
https://www.kingstone.com.tw/basic/2014941895838/?lid=search&actid=WISE&kw=9786263902572,9786263902572,79,金石堂
https://www.kingstone.com.tw/basic/2014290300694/?lid=search&actid=WISE&kw=9786267596753,9786267596753,79,金石堂
https://www.kingstone.com.tw/basic/2017830236057/?lid=search&actid=WISE&kw=9786267506844,9786267506844,79,金石堂
https://www.kingstone.com.tw/basic/2019461547755/?lid=search&actid=WISE&kw=9786260243357,9786260243357,9,金石堂
https://www.kingstone.com.tw/basic/2015630813645/?lid=search&actid=WISE&kw=9786267678237,9786267678237,79,金石堂
https://www.kingstone.com.tw/basic/2019461538340/?lid=search&actid=WISE&kw=9786260240356,9786260240356,9,金石堂
https://www.kingstone.com.tw/basic/2019461571064/?lid=search&actid=WISE&kw=9786264224024,9786264224024,79,金石堂
https://www.kingstone.com.tw/basic/2015410341313/?lid=search&actid=WISE&kw=9786269952724,9786269952724,79,金石堂
https://www.kingstone.com.tw/basic/2019461536216/?lid=search&actid=WISE&kw=9786260240158,9786260240158,9,金石堂
https://www.kingstone.com.tw/basic/2019461510940/?lid=search&actid=WISE&kw=9786260213312,9786260213312,9,金石堂
https://www.kingstone.com.tw/basic/2017310255363/?lid=search&actid=WISE&kw=9789863365662,9789863365662,79,金石堂
